dataset,n_variants,spearman_rho,pearson_r,r2,mse
Deng_2012,4996,0.5701940950292084,0.5748966306937208,-0.550790916924855,3.6170181233606824
Firnberg_2014,4783,0.8837916187111222,0.8670044525626588,-16.644607206663274,3.5550877493999695
Jacquier_2013,989,0.7802431636488587,0.8305504941374313,0.48406465085414263,1.9650057271677126
